"","Term","Description","CP_count","CP_p","CP_p_BH","DAVID_count","DAVID_p","DAVID_p_BH","rppa_count_DAVID","rna_count_DAVID","rppa_count_CP","rna_count_CP"
"1","R-HSA-1474228","Degradation of the extracellular matrix",21,1.88643793802142e-10,5.51783096871266e-08,13,9.99101283854817e-07,0.000342633199374776,0,13,0,21
"2","R-HSA-216083","Integrin cell surface interactions",11,1.62071091983728e-05,0.00105346209789423,11,8.02517574526283e-05,0.00685823854525747,0,11,0,11
"3","R-HSA-1442490","Collagen degradation",10,7.72121393475107e-06,0.000645272878832768,10,4.28711269390404e-05,0.00488971017217865,0,10,0,10
"4","R-HSA-2129379","Molecules associated with elastic fibres",9,6.64398821498875e-07,0.000129557770192281,9,6.00918571751931e-06,0.00103004758343139,0,9,0,9
"5","R-HSA-1650814","Collagen biosynthesis and modifying enzymes",9,5.98415769614956e-05,0.0026928709632673,9,0.000297441160363061,0.016862458983283,0,9,0,9
"6","R-HSA-3000178","ECM proteoglycans",9,0.000231840636284333,0.00968762658759533,9,0.000879387239718391,0.0421929516908613,0,9,0,9
"7","R-HSA-2022090","Assembly of collagen fibrils and other multimeric structures",10,5.71997416399549e-06,0.00055769748098956,8,0.000206285445271873,0.0140529634983554,0,8,0,10
"8","R-HSA-1566948","Elastic fibre formation",9,3.04810616424313e-06,0.000445785526520558,5,0.00116862175338206,0.0488979909968091,0,5,0,9
