"","Term","Description","CP_count","CP_p","CP_p_BH","DAVID_count","DAVID_p","DAVID_p_BH","rppa_count_DAVID","rna_count_DAVID","rppa_count_CP","rna_count_CP"
"1","hsa04974","Protein digestion and absorption",13,1.87878685569419e-06,0.000435878550521052,13,4.8315081630129e-06,0.000946529645557637,0,13,0,13
"2","hsa05146","Amoebiasis",11,0.000104562938011352,0.0121293008093169,12,0.000164814392331499,0.0107109855487861,0,12,0,11
"3","hsa04512","ECM-receptor interaction",9,0.000757966587397745,0.0351696496552554,11,0.000148909579973007,0.0144882459551322,0,11,0,9
